strain	virus	gisaid_epi_isl	genbank_accession	genbank_accession_rev	sra_accession	date	region	country	division	location	region_exposure	country_exposure	division_exposure	segment	length	host	age	sex	Nextstrain_clade	pango_lineage	GISAID_clade	originating_lab	submitting_lab	authors	url	title	paper_url	date_submitted	date_updated	sampling_strategy	database	clade_nextstrain	clade_who	Nextclade_pango	immune_escape	ace2_binding	missing_data	divergence	nonACGTN	coverage	rare_mutations	reversion_mutations	potential_contaminants	QC_missing_data	QC_mixed_sites	QC_rare_mutations	QC_snp_clusters	QC_frame_shifts	QC_stop_codons	QC_overall_score	QC_overall_status	frame_shifts	deletions	insertions	substitutions	aaSubstitutions	clock_deviation
CZE/2256/2020	ncov	?	MT371568	MT371568.1		2020-03-22	Europe	Czech Republic	Czech Republic		Europe	Czech Republic	Czech Republic	genome	29740	Homo sapiens	?	?	20B	B.1.1	?	?	2nd Faculty of Medicine, Charles University in Prague, Dept. of Pediatrics and Dept. Medical Microbiology	Kramna et al	https://www.ncbi.nlm.nih.gov/nuccore/MT371568		?	2020-04-23	2020-04-23	?	genbank	20B		B.1.1	?	?	102	11	2	0.9910711299869578	4	0	0	good	good	good	good	good	good	4	good				C241T,C3037T,T6119C,C14408T,A21906G,A23403G,G25534T,C27046T,G28881A,G28882A,G28883C	M:T175M,N:R203K,N:G204R,ORF1a:S1952P,ORF1b:P314L,ORF3a:V48F,S:Q115R,S:D614G	5.0
CZE/BA.2.86.1.1.4.3/2023	ncov	?	PP839085	PP839085.1		2023-12-08	Europe	Czech Republic	Ceske Budejovice		Europe	Czech Republic	Ceske Budejovice	genome	29300	Homo sapiens	?	?	24A (Omicron)	JN.1.4.6	?	?	Biological Centre of the Academy of Sciences of the Czech Republic, vvi, Institute of Parasitology - Laboratory of Arbovirology	Tardy et al	https://www.ncbi.nlm.nih.gov/nuccore/PP839085		?	2024-05-28	2024-05-28	?	genbank	24A	Omicron	JN.1.4.6	1.373	1.031	0	120	1	0.9816740795237936	2	0	0	good	good	good	good	good	good	1	good		11288-11296,21633-21641,21765-21770,21992-21994,22194-22196,23009-23011,28362-28370,29734-29759	21608:TCATGCCGCTGT	T670G,C774T,C897A,C2790T,C3037T,G3431T,T3565C,G4184A,C4321T,A6183G,A7842G,C8293T,C8311T,G8393A,C9344T,A9424G,C9534T,C10029T,C10198T,G10447A,C10449A,G11042T,G11727A,C12789T,C12815T,C12880T,T13339C,C14408T,C15714T,T15756A,C17410T,A18163G,T18453C,A18492G,C18894T,C19955T,A20055G,C21618T,C21622T,G21624C,C21711T,G21941T,G21987A,T22032C,C22033A,A22034G,T22200G,C22208T,C22295A,C22353A,A22556G,G22577C,G22578A,A22629C,C22674T,T22679C,C22686T,A22688G,G22770A,G22775A,A22786C,G22813T,T22882G,G22895C,T22896A,G22898A,A22910G,C22916T,T22917G,T22926C,T22942A,G22992A,C22995A,T23005A,G23012A,T23018C,T23019C,A23055G,A23063T,T23075C,G23222A,C23271T,C23277T,A23403G,C23423T,C23525T,T23599G,C23604G,C23606T,C23854A,G23948T,C24378T,A24424T,T24469A,C24990T,C25000T,C25207T,C25584T,C26060T,C26270T,G26529C,C26577G,A26610G,C26681T,G26709A,C26833T,C26858T,A27259C,G27382C,A27383T,T27384C,C27807T,T27810C,A28271T,C28311T,G28881A,G28882A,G28883C,C28958A,A29510C	E:T9I,M:D3H,M:Q19E,M:T30A,M:A63T,M:A104V,N:P13L,N:R203K,N:G204R,N:Q229K,N:S413R,ORF1a:S135R,ORF1a:T170I,ORF1a:A211D,ORF1a:T842I,ORF1a:V1056L,ORF1a:G1307S,ORF1a:K1973R,ORF1a:N2526S,ORF1a:A2710T,ORF1a:L3027F,ORF1a:T3090I,ORF1a:T3255I,ORF1a:P3395H,ORF1a:V3593F,ORF1a:R3821K,ORF1a:T4175I,ORF1b:P314L,ORF1b:R1315C,ORF1b:I1566V,ORF1b:T2163I,ORF3a:T223I,ORF6:D61L,ORF7b:F19L,ORF9b:P10S,S:T19I,S:R21T,S:A27S,S:S50L,S:V127F,S:G142D,S:F157S,S:R158G,S:L212I,S:V213G,S:L216F,S:H245N,S:A264D,S:I332V,S:G339H,S:K356T,S:S371F,S:S373P,S:S375F,S:T376A,S:R403K,S:D405N,S:R408S,S:K417N,S:N440K,S:V445H,S:G446S,S:N450D,S:L452W,S:L455S,S:N460K,S:S477N,S:T478K,S:N481K,S:E484K,S:F486P,S:Q498R,S:N501Y,S:Y505H,S:E554K,S:A570V,S:T572I,S:D614G,S:P621S,S:H655Y,S:N679K,S:P681R,S:R682W,S:N764K,S:D796Y,S:S939F,S:Q954H,S:N969K,S:P1143L	6.0
CZE/CzechiaMotol_1899/2020	ncov	?	MT371573	MT371573.1		2020-03-17	Europe	Czech Republic	Czech Republic		Europe	Czech Republic	Czech Republic	genome	29756	Homo sapiens	?	?	20B	B.1.1	?	?	2nd Faculty of Medicine, Charles University in Prague, Dept. of Pediatrics and Dept. Medical Microbiology	Kramna et al	https://www.ncbi.nlm.nih.gov/nuccore/MT371573		?	2020-04-23	2020-04-23	?	genbank	20B		B.1.1	?	?	0	7	0	0.9950841052737184	0	0	0	good	good	good	good	good	good	0	good				C241T,C3037T,C14408T,A23403G,G28881A,G28882A,G28883C	N:R203K,N:G204R,ORF1b:P314L,S:D614G	1.0
CZE/CzechiaMotol_1967/2020	ncov	?	MT371574	MT371574.1		2020-03-18	Europe	Czech Republic	Czech Republic		Europe	Czech Republic	Czech Republic	genome	29756	Homo sapiens	?	?	20B	B.1.1	?	?	2nd Faculty of Medicine, Charles University in Prague, Dept. of Pediatrics and Dept. Medical Microbiology	Kramna et al	https://www.ncbi.nlm.nih.gov/nuccore/MT371574		?	2020-04-23	2020-04-23	?	genbank	20B		B.1.1	?	?	0	7	0	0.9950841052737184	0	0	0	good	good	good	good	good	good	0	good				C241T,C3037T,C14408T,A23403G,G28881A,G28882A,G28883C	N:R203K,N:G204R,ORF1b:P314L,S:D614G	1.0
CZE/CzechiaMotol_1968/2020	ncov	?	MT371571	MT371571.1		2020-03-18	Europe	Czech Republic	Czech Republic		Europe	Czech Republic	Czech Republic	genome	29756	Homo sapiens	?	?	20B	B.1.1	?	?	2nd Faculty of Medicine, Charles University in Prague, Dept. of Pediatrics and Dept. Medical Microbiology	Kramna et al	https://www.ncbi.nlm.nih.gov/nuccore/MT371571		?	2020-04-23	2020-04-23	?	genbank	20B		B.1.1	?	?	0	7	0	0.9950841052737184	0	0	0	good	good	good	good	good	good	0	good				C241T,C3037T,C14408T,A23403G,G28881A,G28882A,G28883C	N:R203K,N:G204R,ORF1b:P314L,S:D614G	1.0
CZE/CzechiaMotol_2122/2020	ncov	EPI_ISL_425229	MT371569	MT371569.1		2020-03-19	Europe	Czech Republic	Czech Republic		Europe	Czech Republic	Czech Republic	genome	29798	Homo sapiens	?	?	20B	B.1.1	?	?	2nd Faculty of Medicine, Charles University in Prague, Dept. of Pediatrics and Dept. Medical Microbiology	Kramna et al	https://www.ncbi.nlm.nih.gov/nuccore/MT371569		?	2020-04-23	2020-04-23	?	genbank	20B		B.1.1	?	?	39	10	0	0.9951844296558874	3	0	0	good	good	good	good	good	good	0	good				C75T,C241T,C3037T,C14408T,C22432T,A23403G,G25249T,G28881A,G28882A,G28883C	N:R203K,N:G204R,ORF1b:P314L,S:D614G,S:M1229I	4.0
CZE/CzechiaMotol_2174/2020	ncov	?	MT371572	MT371572.1		2020-03-19	Europe	Czech Republic	Czech Republic		Europe	Czech Republic	Czech Republic	genome	29756	Homo sapiens	?	?	20B	B.1.1	?	?	2nd Faculty of Medicine, Charles University in Prague, Dept. of Pediatrics and Dept. Medical Microbiology	Kramna et al	https://www.ncbi.nlm.nih.gov/nuccore/MT371572		?	2020-04-23	2020-04-23	?	genbank	20B		B.1.1	?	?	0	9	0	0.9950841052737184	2	0	0	good	good	good	good	good	good	0	good				C241T,C3037T,C14408T,A21643C,C22432T,A23403G,G28881A,G28882A,G28883C	N:R203K,N:G204R,ORF1b:P314L,S:D614G	3.0
CZE/CzechiaMotol_2448/2020	ncov	?	MT371570	MT371570.1		2020-03-21	Europe	Czech Republic	Czech Republic		Europe	Czech Republic	Czech Republic	genome	29756	Homo sapiens	?	?	20B	B.1.1	?	?	2nd Faculty of Medicine, Charles University in Prague, Dept. of Pediatrics and Dept. Medical Microbiology	Kramna et al	https://www.ncbi.nlm.nih.gov/nuccore/MT371570		?	2020-04-23	2020-04-23	?	genbank	20B		B.1.1	?	?	0	8	0	0.9950841052737184	1	0	0	good	good	good	good	good	good	0	good				C241T,C3037T,C14408T,A21643C,A23403G,G28881A,G28882A,G28883C	N:R203K,N:G204R,ORF1b:P314L,S:D614G	2.0
CZE/IAB_1/2020	ncov	EPI_ISL_426883	MT517420	MT517420.1		2020-03-27	Europe	Czech Republic	Czech Republic		Europe	Czech Republic	Czech Republic	genome	29856	Homo sapiens	?	?	20B	B.1	?	?	Institute of Applied Biotechnologies, Bioinformatics	Broz et al	https://www.ncbi.nlm.nih.gov/nuccore/MT517420		?	2020-05-27	2020-05-27	?	genbank	20B		B.1.1	?	?	0	13	0	0.9984282513460188	3	0	2	good	good	good	good	good	good	1.562500	good				C241T,C1059T,C3037T,C3177A,C6843T,G11083T,C14408T,C19961T,A23403G,G25563T,G28881A,G28882A,G28883C	N:R203K,N:G204R,ORF1a:T265I,ORF1a:P971H,ORF1a:S2193F,ORF1a:L3606F,ORF1b:P314L,ORF1b:T2165M,ORF3a:Q57H,S:D614G	6.0
CZE/IAB_10/2020	ncov	EPI_ISL_426887	MT517424	MT517424.1		2020-03-31	Europe	Czech Republic	Czech Republic		Europe	Czech Republic	Czech Republic	genome	29862	Homo sapiens	?	?	20C	B.1	?	?	Institute of Applied Biotechnologies, Bioinformatics	Broz et al	https://www.ncbi.nlm.nih.gov/nuccore/MT517424		?	2020-05-27	2020-05-27	?	genbank	20C		B.1	?	?	0	10	0	0.9986289001103568	3	0	1	good	good	good	good	good	good	0	good				C241T,C541T,C1059T,C3037T,C3177A,G11083T,C14408T,C20016T,A23403G,G25563T	ORF1a:T265I,ORF1a:P971H,ORF1a:L3606F,ORF1b:P314L,ORF3a:Q57H,S:D614G	3.0
CZE/IAB_12/2020	ncov	EPI_ISL_426888	MT517425	MT517425.1		2020-03-31	Europe	Czech Republic	Czech Republic		Europe	Czech Republic	Czech Republic	genome	29866	Homo sapiens	?	?	20A	B.1	?	?	Institute of Applied Biotechnologies, Bioinformatics	Broz et al	https://www.ncbi.nlm.nih.gov/nuccore/MT517425		?	2020-05-27	2020-05-27	?	genbank	20A		B.1	?	?	0	7	0	0.9987626659532488	3	0	0	good	good	good	good	good	good	0	good				C241T,C1404T,C3037T,C6555T,C14408T,A23403G,G25971T	ORF1a:P380L,ORF1a:A2097V,ORF1b:P314L,ORF3a:W193C,S:D614G	2.0
CZE/IAB_14/2020	ncov	EPI_ISL_426889	MT517426	MT517426.1		2020-04-27	Europe	Czech Republic	Czech Republic		Europe	Czech Republic	Czech Republic	genome	29861	Homo sapiens	?	?	20B	B.1.1	?	?	Institute of Applied Biotechnologies, Bioinformatics	Broz et al	https://www.ncbi.nlm.nih.gov/nuccore/MT517426		?	2020-05-27	2020-05-27	?	genbank	20B		B.1.1	?	?	0	9	0	0.9985954586496338	2	0	0	good	good	good	good	good	good	0	good				G160A,C241T,C3037T,C14408T,C22432T,A23403G,G28881A,G28882A,G28883C	N:R203K,N:G204R,ORF1b:P314L,S:D614G	1.0
CZE/IAB_15/2020	ncov	EPI_ISL_426890	MT517427	MT517427.1		2020-03-26	Europe	Czech Republic	Czech Republic		Europe	Czech Republic	Czech Republic	genome	29867	Homo sapiens	?	?	20B	B.1	?	?	Institute of Applied Biotechnologies, Bioinformatics	Broz et al	https://www.ncbi.nlm.nih.gov/nuccore/MT517427		?	2020-05-27	2020-05-27	?	genbank	20B		B.1.1	?	?	0	12	0	0.9987961074139718	1	0	3	good	good	good	good	good	good	4.340278	good				C241T,C541T,C1059T,C3037T,G3759T,G11083T,C14408T,A23403G,G25563T,G28881A,G28882A,G28883C	N:R203K,N:G204R,ORF1a:T265I,ORF1a:C1165F,ORF1a:L3606F,ORF1b:P314L,ORF3a:Q57H,S:D614G	6.0
CZE/IAB_16/2020	ncov	EPI_ISL_426891	MT517428	MT517428.1		2020-03-26	Europe	Czech Republic	Czech Republic		Europe	Czech Republic	Czech Republic	genome	29852	Homo sapiens	?	?	20B	B.1.1	?	?	Institute of Applied Biotechnologies, Bioinformatics	Broz et al	https://www.ncbi.nlm.nih.gov/nuccore/MT517428		?	2020-05-27	2020-05-27	?	genbank	20B		B.1.1	?	?	0	11	0	0.9982944855031268	4	0	0	good	good	good	good	good	good	0	good				C241T,C3037T,G3955T,C14408T,A23403G,G25534T,C27005T,C27046T,G28881A,G28882A,G28883C	M:T175M,N:R203K,N:G204R,ORF1a:K1230N,ORF1b:P314L,ORF3a:V48F,S:D614G	5.0
CZE/IAB_17/2020	ncov	EPI_ISL_426892	MT517429	MT517429.1		2020-03-27	Europe	Czech Republic	Czech Republic		Europe	Czech Republic	Czech Republic	genome	29869	Homo sapiens	?	?	20B	B.1.1	?	?	Institute of Applied Biotechnologies, Bioinformatics	Broz et al	https://www.ncbi.nlm.nih.gov/nuccore/MT517429		?	2020-05-27	2020-05-27	?	genbank	20B		B.1.1	?	?	0	7	0	0.9988629903354178	0	0	0	good	good	good	good	good	good	0	good				C241T,C3037T,C14408T,A23403G,G28881A,G28882A,G28883C	N:R203K,N:G204R,ORF1b:P314L,S:D614G	0.0
CZE/IAB_18/2020	ncov	EPI_ISL_426893	MT517430	MT517430.1		2020-03-27	Europe	Czech Republic	Czech Republic		Europe	Czech Republic	Czech Republic	genome	29855	Homo sapiens	?	?	20A	B.1	?	?	Institute of Applied Biotechnologies, Bioinformatics	Broz et al	https://www.ncbi.nlm.nih.gov/nuccore/MT517430		?	2020-05-27	2020-05-27	?	genbank	20A		B.1	?	?	0	4	0	0.9983948098852958	0	0	0	good	good	good	good	good	good	0	good				C241T,C3037T,C14408T,A23403G	ORF1b:P314L,S:D614G	0.0
CZE/IAB_20/2020	ncov	EPI_ISL_426894	MT517431	MT517431.1		2020-03-27	Europe	Czech Republic	Czech Republic		Europe	Czech Republic	Czech Republic	genome	29867	Homo sapiens	?	?	20B	B.1.1	?	?	Institute of Applied Biotechnologies, Bioinformatics	Broz et al	https://www.ncbi.nlm.nih.gov/nuccore/MT517431		?	2020-05-27	2020-05-27	?	genbank	20B		B.1.1	?	?	0	10	0	0.9987961074139718	3	0	0	good	good	good	good	good	good	0	good				G160A,C241T,C3037T,C6026T,T7438C,C14408T,A23403G,G28881A,G28882A,G28883C	N:R203K,N:G204R,ORF1a:P1921S,ORF1b:P314L,S:D614G	3.0
CZE/IAB_21/2020	ncov	EPI_ISL_426895	MT517432	MT517432.1		2020-03-27	Europe	Czech Republic	Czech Republic		Europe	Czech Republic	Czech Republic	genome	29862	Homo sapiens	?	?	20A	B.1	?	?	Institute of Applied Biotechnologies, Bioinformatics	Broz et al	https://www.ncbi.nlm.nih.gov/nuccore/MT517432		?	2020-05-27	2020-05-27	?	genbank	20A		B.1	?	?	0	4	0	0.9986289001103568	0	0	0	good	good	good	good	good	good	0	good				C241T,C3037T,C14408T,A23403G	ORF1b:P314L,S:D614G	0.0
CZE/IAB_22/2020	ncov	EPI_ISL_426896	MT517433	MT517433.1		2020-03-28	Europe	Czech Republic	Czech Republic		Europe	Czech Republic	Czech Republic	genome	29871	Homo sapiens	?	?	20B	B.1.1	?	?	Institute of Applied Biotechnologies, Bioinformatics	Broz et al	https://www.ncbi.nlm.nih.gov/nuccore/MT517433		?	2020-05-27	2020-05-27	?	genbank	20B		B.1.1	?	?	0	10	0	0.9989298732568639	3	0	0	good	good	good	good	good	good	0	good				G160A,C241T,C3037T,C6026T,T7438C,C14408T,A23403G,G28881A,G28882A,G28883C	N:R203K,N:G204R,ORF1a:P1921S,ORF1b:P314L,S:D614G	3.0
CZE/IAB_23/2020	ncov	EPI_ISL_426897	MT517434	MT517434.1		2020-03-29	Europe	Czech Republic	Czech Republic		Europe	Czech Republic	Czech Republic	genome	29859	Homo sapiens	?	?	20B	B.1.1	?	?	Institute of Applied Biotechnologies, Bioinformatics	Broz et al	https://www.ncbi.nlm.nih.gov/nuccore/MT517434		?	2020-05-27	2020-05-27	?	genbank	20B		B.1.1	?	?	0	10	0	0.9985285757281878	3	0	0	good	good	good	good	good	good	0	good				G160A,C241T,C3037T,C6026T,T7438C,C14408T,A23403G,G28881A,G28882A,G28883C	N:R203K,N:G204R,ORF1a:P1921S,ORF1b:P314L,S:D614G	3.0
CZE/IAB_4/2020	ncov	EPI_ISL_426884	MT517421	MT517421.1		2020-03-27	Europe	Czech Republic	Czech Republic		Europe	Czech Republic	Czech Republic	genome	29865	Homo sapiens	?	?	20C	B.1	?	?	Institute of Applied Biotechnologies, Bioinformatics	Broz et al	https://www.ncbi.nlm.nih.gov/nuccore/MT517421		?	2020-05-27	2020-05-27	?	genbank	20C		B.1	?	?	0	9	0	0.9987292244925259	2	0	1	good	good	good	good	good	good	0	good				C241T,C541T,C835T,C1059T,C3037T,G11083T,C14408T,A23403G,G25563T	ORF1a:T265I,ORF1a:L3606F,ORF1b:P314L,ORF3a:Q57H,S:D614G	3.0
CZE/IAB_8/2020	ncov	EPI_ISL_426885	MT517422	MT517422.1		2020-03-26	Europe	Czech Republic	Czech Republic		Europe	Czech Republic	Czech Republic	genome	29862	Homo sapiens	?	?	20B	B.1.1	?	?	Institute of Applied Biotechnologies, Bioinformatics	Broz et al	https://www.ncbi.nlm.nih.gov/nuccore/MT517422		?	2020-05-27	2020-05-27	?	genbank	20B		B.1.1	?	?	0	11	0	0.9986289001103568	4	0	0	good	good	good	good	good	good	0	good				C241T,C3037T,G3955T,C14408T,A23403G,G25534T,C27005T,C27046T,G28881A,G28882A,G28883C	M:T175M,N:R203K,N:G204R,ORF1a:K1230N,ORF1b:P314L,ORF3a:V48F,S:D614G	5.0
CZE/IAB_9/2020	ncov	EPI_ISL_426886	MT517423	MT517423.1		2020-03-28	Europe	Czech Republic	Czech Republic		Europe	Czech Republic	Czech Republic	genome	29866	Homo sapiens	?	?	20B	B.1.1	?	?	Institute of Applied Biotechnologies, Bioinformatics	Broz et al	https://www.ncbi.nlm.nih.gov/nuccore/MT517423		?	2020-05-27	2020-05-27	?	genbank	20B		B.1.1	?	?	0	12	0	0.9987626659532488	5	0	0	good	good	good	good	good	good	0	good				C241T,C3037T,G3955T,C4940T,C14408T,A23403G,G25534T,C27005T,C27046T,G28881A,G28882A,G28883C	M:T175M,N:R203K,N:G204R,ORF1a:K1230N,ORF1a:L1559F,ORF1b:P314L,ORF3a:V48F,S:D614G	5.0
CZE/JCUCB118-181/2020	ncov	EPI_ISL_1702301	OK180974	OK180974.1		2020-11-23	Europe	Czech Republic	Czech Republic		Europe	Czech Republic	Czech Republic	genome	29897	Homo sapiens	?	?	20A	B.1.258	?	?	University of South Bohemia, Faculty of Science, Department of Chemistry	Maskova et al	https://www.ncbi.nlm.nih.gov/nuccore/OK180974		?	2021-09-20	2021-09-20	?	genbank	20A		B.1.258	?	?	0	21	0	1	5	0	0	good	good	good	good	good	good	0	good		21765-21770		C241T,C3037T,T7767C,C8016T,C8047T,G12988T,C14408T,G15598A,C17104T,G18028T,A20268G,G22316A,C22879A,A23403G,G23856T,G24116T,T24910C,T26972C,C27800A,G29179T,G29734C	ORF1a:I2501T,ORF1a:A2584V,ORF1a:M4241I,ORF1b:P314L,ORF1b:V711I,ORF1b:H1213Y,ORF1b:A1521S,S:G252S,S:N439K,S:D614G,S:R765L,S:A852S	2.0
CZE/SARS-CoV-2_Czechia_March2020/2020	ncov	?	MT534285	MT534285.1		2020-03-20	Europe	Czech Republic	Czech Republic		Europe	Czech Republic	Czech Republic	genome	29838	Homo sapiens	?	?	20C	B.1	?	?	2nd Faculty of Medicine, Charles University in Prague, Dept. of Pediatrics and Dept. Medical Microbiology	Kramna et al	https://www.ncbi.nlm.nih.gov/nuccore/MT534285		?	2020-05-29	2020-05-29	?	genbank	20C		B.1	?	?	30	17	27	0.9968230612313146	10	0	1	good	bad	good	mediocre	good	good	762.506944	bad		8-34		C37G,A38G,A39C,C40G,T41G,A46G,C48T,C241T,C541T,C1059T,C3037T,G11083T,C14408T,C17372T,C22783A,A23403G,G25563T	ORF1a:T265I,ORF1a:L3606F,ORF1b:P314L,ORF1b:A1302V,ORF3a:Q57H,S:D614G	11.0
Gorillagorillagorilla/CZE/4243-6/2021	ncov	EPI_ISL_1497615	OL752441	OL752441.1		2021-03-03	Europe	Czech Republic	Czech Republic		Europe	Czech Republic	Czech Republic	genome	29717	Gorilla gorilla gorilla	?	?	20I (Alpha, V1)	B.1.1.7	?	?	State Veterinary Institute Prague, Molecular Biology	Nagy et al	https://www.ncbi.nlm.nih.gov/nuccore/OL752441		?	2021-12-07	2021-12-07	?	genbank	20I	Alpha	B.1.1.7	?	?	0	36	0	0.9944152760592583	5	0	1	good	good	good	good	good	good	0.173611	good		11288-11296,21765-21770,21992-21994,28271		C241T,C913T,C3037T,C3267T,C5388A,C5944T,C5986T,T6954C,C9487T,C14408T,C14676T,T15096C,C15279T,T16176C,T20529C,C21304A,G21305A,A23063T,C23271A,A23403G,C23604A,C23709T,T24506G,G24914C,C27972T,G28048T,A28095T,A28111G,G28280C,A28281T,T28282A,G28881A,G28882A,G28883C,G28884C,C28977T	N:D3L,N:R203K,N:G204P,N:S235F,ORF1a:T1001I,ORF1a:A1708D,ORF1a:I2230T,ORF1b:P314L,ORF1b:R2613N,ORF8:Q27*,ORF8:R52I,ORF8:K68*,ORF8:Y73C,S:N501Y,S:A570D,S:D614G,S:P681H,S:T716I,S:S982A,S:D1118H	2.0
Gorillagorillagorilla/CZE/5145-2/2021	ncov	EPI_ISL_1497617	OL752443	OL752443.1		2021-03-17	Europe	Czech Republic	Czech Republic		Europe	Czech Republic	Czech Republic	genome	29717	Gorilla gorilla gorilla	?	?	20I (Alpha, V1)	B.1.1.7	?	?	State Veterinary Institute Prague, Molecular Biology	Nagy et al	https://www.ncbi.nlm.nih.gov/nuccore/OL752443		?	2021-12-07	2021-12-07	?	genbank	20I	Alpha	B.1.1.7	?	?	0	36	0	0.9944152760592583	5	0	1	good	good	good	good	good	good	0.173611	good		11288-11296,21765-21770,21992-21994,28271		C241T,C913T,C3037T,C3267T,C5388A,C5944T,C5986T,T6954C,C9487T,C14408T,C14676T,T15096C,C15279T,T16176C,T20529C,C21304A,G21305A,A23063T,C23271A,A23403G,C23604A,C23709T,T24506G,G24914C,C27972T,G28048T,A28095T,A28111G,G28280C,A28281T,T28282A,G28881A,G28882A,G28883C,G28884C,C28977T	N:D3L,N:R203K,N:G204P,N:S235F,ORF1a:T1001I,ORF1a:A1708D,ORF1a:I2230T,ORF1b:P314L,ORF1b:R2613N,ORF8:Q27*,ORF8:R52I,ORF8:K68*,ORF8:Y73C,S:N501Y,S:A570D,S:D614G,S:P681H,S:T716I,S:S982A,S:D1118H	1.0
Pantheraleopersica/CZE/3855-1/2021	ncov	EPI_ISL_1497613	OL752444	OL752444.1		2021-02-25	Europe	Czech Republic	Czech Republic		Europe	Czech Republic	Czech Republic	genome	29717	Panthera leo persica	?	?	20I (Alpha, V1)	B.1.1.7	?	?	State Veterinary Institute Prague, Molecular Biology	Nagy et al	https://www.ncbi.nlm.nih.gov/nuccore/OL752444		?	2021-12-07	2021-12-07	?	genbank	20I	Alpha	B.1.1.7	?	?	0	34	0	0.9944152760592583	3	0	1	good	good	good	good	good	good	0	good		11288-11296,21765-21770,21992-21994,28271		C241T,C913T,G2945A,C3037T,C3267T,C5388A,C5944T,C5986T,T6954C,C14408T,C14676T,T15096C,C15279T,T16176C,A23063T,C23271A,A23403G,C23604A,C23709T,T24506G,G24914C,C27972T,G28048T,A28095T,A28111G,G28280C,A28281T,T28282A,G28881A,G28882A,G28883C,G28884C,C28977T,C29614T	N:D3L,N:R203K,N:G204P,N:S235F,ORF1a:G894S,ORF1a:T1001I,ORF1a:A1708D,ORF1a:I2230T,ORF1b:P314L,ORF8:Q27*,ORF8:R52I,ORF8:K68*,ORF8:Y73C,S:N501Y,S:A570D,S:D614G,S:P681H,S:T716I,S:S982A,S:D1118H	0.0
Pantheratigrisjacksoni/CZE/4243-7/2021	ncov	EPI_ISL_1497616	OL752442	OL752442.1		2021-03-03	Europe	Czech Republic	Czech Republic		Europe	Czech Republic	Czech Republic	genome	29717	Panthera tigris jacksoni	?	?	20I (Alpha, V1)	B.1.1.7	?	?	State Veterinary Institute Prague, Molecular Biology	Nagy et al	https://www.ncbi.nlm.nih.gov/nuccore/OL752442		?	2021-12-07	2021-12-07	?	genbank	20I	Alpha	B.1.1.7	?	?	0	34	0	0.9944152760592583	3	0	1	good	good	good	good	good	good	0	good		11288-11296,21765-21770,21992-21994,28271		C241T,C913T,G2945A,C3037T,C3267T,C5388A,C5944T,C5986T,T6954C,C14408T,C14676T,T15096C,C15279T,T16176C,A23063T,C23271A,A23403G,C23604A,C23709T,T24506G,G24914C,C27972T,G28048T,A28095T,A28111G,G28280C,A28281T,T28282A,G28881A,G28882A,G28883C,G28884C,C28977T,C29614T	N:D3L,N:R203K,N:G204P,N:S235F,ORF1a:G894S,ORF1a:T1001I,ORF1a:A1708D,ORF1a:I2230T,ORF1b:P314L,ORF8:Q27*,ORF8:R52I,ORF8:K68*,ORF8:Y73C,S:N501Y,S:A570D,S:D614G,S:P681H,S:T716I,S:S982A,S:D1118H	0.0
Prionailurusbengalensiseuptilurus/CZE/4102-5/2021	ncov	EPI_ISL_1497614	OL752440	OL752440.1		2021-03-01	Europe	Czech Republic	Czech Republic		Europe	Czech Republic	Czech Republic	genome	29717	Prionailurus bengalensis euptilurus	?	?	20I (Alpha, V1)	B.1.1.7	?	?	State Veterinary Institute Prague, Molecular Biology	Nagy et al	https://www.ncbi.nlm.nih.gov/nuccore/OL752440		?	2021-12-07	2021-12-07	?	genbank	20I	Alpha	B.1.1.7	?	?	0	34	0	0.9944152760592583	3	0	1	good	good	good	good	good	good	0	good		11288-11296,21765-21770,21992-21994,28271		C241T,C913T,G2945A,C3037T,C3267T,C5388A,C5944T,C5986T,T6954C,C14408T,C14676T,T15096C,C15279T,T16176C,A23063T,C23271A,A23403G,C23604A,C23709T,T24506G,G24914C,C27972T,G28048T,A28095T,A28111G,G28280C,A28281T,T28282A,G28881A,G28882A,G28883C,G28884C,C28977T,C29614T	N:D3L,N:R203K,N:G204P,N:S235F,ORF1a:G894S,ORF1a:T1001I,ORF1a:A1708D,ORF1a:I2230T,ORF1b:P314L,ORF8:Q27*,ORF8:R52I,ORF8:K68*,ORF8:Y73C,S:N501Y,S:A570D,S:D614G,S:P681H,S:T716I,S:S982A,S:D1118H	0.0
